slug,readableName,baselineResolved,baselineQid,baselineHasEnwiki,baselineStatus,improvedResolved,improvedQid,improvedHasEnwiki,improvedStatus
abbasid-caliphate,Abbasid Caliphate,true,Q9589,true,OK,false,,false,FALLBACK
achaemenid-empire,Achaemenid Empire,true,Q11765,true,OK,true,Q389688,true,OK
almohad-caliphate,Almohad Caliphate,false,,false,FALLBACK,true,Q199688,true,OK
almoravid-dynasty,Almoravid Dynasty,false,,false,FALLBACK,true,Q75613,true,OK
andean-states-and-chiefdoms,Andean States And Chiefdoms,false,,false,FALLBACK,false,,false,FALLBACK
angevin-empire,Angevin Empire,false,,false,FALLBACK,false,,false,FALLBACK
arakan-indian-princely-state,Arakan (Indian Princely State),false,,false,FALLBACK,false,,false,FALLBACK
astrakhan-khanate,Astrakhan Khanate,false,,false,FALLBACK,true,Q210163,true,OK
austrian-empire,Austrian Empire,false,,false,FALLBACK,true,Q131964,true,OK
austro-hungarian-empire,Austro Hungarian Empire,false,,false,FALLBACK,true,Q28513,true,OK
aymara-kingdoms,Aymara Kingdoms,false,,false,FALLBACK,false,,false,FALLBACK
aztec-empire,Aztec Empire,true,Q12542,true,OK,false,,false,FALLBACK
bahmani-kingdom,Bahmani Kingdom,false,,false,FALLBACK,false,,false,FALLBACK
batavian-republic,Batavian Republic,false,,false,FALLBACK,false,,false,FALLBACK
blue-horde,Blue Horde,false,,false,FALLBACK,false,,false,FALLBACK
bokhara-khanate,Bokhara Khanate,false,,false,FALLBACK,false,,false,FALLBACK
borgu-states,Borgu States,false,,false,FALLBACK,false,,false,FALLBACK
bosporan-kingdom,Bosporan Kingdom,false,,false,FALLBACK,false,,false,FALLBACK
bosporian-kingdom,Bosporian Kingdom,false,,false,FALLBACK,false,,false,FALLBACK
british-protectorate,British Protectorate,false,,false,FALLBACK,false,,false,FALLBACK
bukara-khanate,Bukara Khanate,false,,false,FALLBACK,false,,false,FALLBACK
bulgar-khanate,Bulgar Khanate,false,,false,FALLBACK,false,,false,FALLBACK
burmese-kingdoms,Burmese Kingdoms,false,,false,FALLBACK,false,,false,FALLBACK
byzantine-empire,Byzantine Empire,true,Q41088,true,OK,false,,false,FALLBACK
caliphate-of-crdoba,Caliphate Of Córdoba,false,,false,FALLBACK,false,,false,FALLBACK
carolingian-empire,Carolingian Empire,true,Q150804,true,OK,false,,false,FALLBACK
carthaginian-empire,Carthaginian Empire,false,,false,FALLBACK,false,,false,FALLBACK
celtic-kingdoms,Celtic Kingdoms,false,,false,FALLBACK,false,,false,FALLBACK
central-african-republic,Central African Republic,false,,false,FALLBACK,false,,false,FALLBACK
central-asian-khanates,Central Asian Khanates,false,,false,FALLBACK,false,,false,FALLBACK
chagatai-khanate,Chagatai Khanate,false,,false,FALLBACK,false,,false,FALLBACK
chalukya-empire,Chalukya Empire,false,,false,FALLBACK,false,,false,FALLBACK
champa-city-states,Champa City States,false,,false,FALLBACK,false,,false,FALLBACK
chim-empire,Chimú Empire,false,,false,FALLBACK,false,,false,FALLBACK
chola-state,Chola State,false,,false,FALLBACK,false,,false,FALLBACK
city-states,City States,false,,false,FALLBACK,false,,false,FALLBACK
crimean-khanate,Crimean Khanate,false,,false,FALLBACK,false,,false,FALLBACK
croatian-kingdom,Croatian Kingdom,false,,false,FALLBACK,false,,false,FALLBACK
cuman-khanates,Cuman Khanates,false,,false,FALLBACK,false,,false,FALLBACK
cuman-kipchak-confederation,Cuman Kipchak Confederation,false,,false,FALLBACK,false,,false,FALLBACK
czech-republic,Czech Republic,false,,false,FALLBACK,false,,false,FALLBACK
dendi-kingdom,Dendi Kingdom,false,,false,FALLBACK,false,,false,FALLBACK
dominican-republic,Dominican Republic,false,,false,FALLBACK,false,,false,FALLBACK
duchy-of-swabia,Duchy Of Swabia,false,,false,FALLBACK,false,,false,FALLBACK
dutch-republic,Dutch Republic,false,Q170072,false,FALLBACK,false,,false,FALLBACK
eastern-roman-empire,Eastern Roman Empire,false,,false,FALLBACK,false,,false,FALLBACK
empire-of-alexander,Empire Of Alexander,false,,false,FALLBACK,false,,false,FALLBACK
empire-of-ghana,Empire Of Ghana,false,,false,FALLBACK,false,,false,FALLBACK
empire-of-japan,Empire Of Japan,false,,false,FALLBACK,false,,false,FALLBACK
expansionist-kingdom-of-merina,Expansionist Kingdom Of Merina,false,,false,FALLBACK,false,,false,FALLBACK
fatimid-caliphate,Fatimid Caliphate,false,,false,FALLBACK,false,,false,FALLBACK
first-samori-empire,First Samori Empire,false,,false,FALLBACK,false,,false,FALLBACK
frankish-kingdom,Frankish Kingdom,false,Q12131,false,FALLBACK,false,,false,FALLBACK
fulani-empire,Fulani Empire,false,,false,FALLBACK,false,,false,FALLBACK
georgian-kingdom,Georgian Kingdom,false,,false,FALLBACK,false,,false,FALLBACK
german-empire,German Empire,false,Q43287,false,FALLBACK,false,,false,FALLBACK
golden-horde,Golden Horde,false,Q131054,false,FALLBACK,false,,false,FALLBACK
grand-duchy-of-hesse,Grand Duchy Of Hesse,false,,false,FALLBACK,false,,false,FALLBACK
grand-duchy-of-moscow,Grand Duchy Of Moscow,false,,false,FALLBACK,false,,false,FALLBACK
great-khanate,Great Khanate,false,,false,FALLBACK,false,,false,FALLBACK
greek-city-states,Greek City States,false,,false,FALLBACK,false,,false,FALLBACK
gupta-empire,Gupta Empire,false,Q188889,false,FALLBACK,false,,false,FALLBACK
hafsid-caliphate,Hafsid Caliphate,false,,false,FALLBACK,false,,false,FALLBACK
han-empire,Han Empire,false,,false,FALLBACK,false,,false,FALLBACK
hausa-states,Hausa States,false,,false,FALLBACK,false,,false,FALLBACK
helvetic-republic,Helvetic Republic,false,,false,FALLBACK,false,,false,FALLBACK
himyarite-kingdom,Himyarite Kingdom,false,,false,FALLBACK,false,,false,FALLBACK
hindu-kingdoms,Hindu Kingdoms,false,,false,FALLBACK,false,,false,FALLBACK
hindu-kingdoms-and-republics,Hindu Kingdoms And Republics,false,,false,FALLBACK,false,,false,FALLBACK
hindu-states,Hindu States,false,,false,FALLBACK,false,,false,FALLBACK
holy-roman-empire,Holy Roman Empire,true,Q12548,true,OK,true,Q12548,true,OK
huari-empire,Huari Empire,false,,false,FALLBACK,false,,false,FALLBACK
hunnic-empire,Hunnic Empire,false,,false,FALLBACK,false,,false,FALLBACK
hurrian-kingdoms,Hurrian Kingdoms,false,,false,FALLBACK,false,,false,FALLBACK
icelandic-commonwealth,Icelandic Commonwealth,false,,false,FALLBACK,false,,false,FALLBACK
idrisid-caliphate,Idrisid Caliphate,false,,false,FALLBACK,false,,false,FALLBACK
ilkhanate,Ilkhanate,false,Q19609,false,FALLBACK,false,,false,FALLBACK
inca-empire,Inca Empire,false,Q35409,false,FALLBACK,false,,false,FALLBACK
islamic-and-hindu-states,Islamic And Hindu States,false,,false,FALLBACK,false,,false,FALLBACK
islamic-city-states,Islamic City States,false,,false,FALLBACK,false,,false,FALLBACK
islamic-states,Islamic States,false,,false,FALLBACK,false,,false,FALLBACK
japan-warring-states,Japan (Warring States),false,,false,FALLBACK,false,,false,FALLBACK
jin-empire,Jin Empire,false,,false,FALLBACK,false,,false,FALLBACK
k-hawaii-paeina-hawaiian-kingdom,Kō Hawaiʻi Paeʻāina (Hawaiian Kingdom),false,,false,FALLBACK,false,,false,FALLBACK
kara-khitai-khaganate,Kara Khitai Khaganate,false,,false,FALLBACK,false,,false,FALLBACK
kazan-khanate,Kazan Khanate,false,,false,FALLBACK,false,,false,FALLBACK
khanate-of-sibir,Khanate Of Sibir,false,,false,FALLBACK,false,,false,FALLBACK
khanate-of-the-golden-horde,Khanate Of The Golden Horde,false,,false,FALLBACK,false,,false,FALLBACK
khiva-khanate,Khiva Khanate,false,,false,FALLBACK,false,,false,FALLBACK
khmer-empire,Khmer Empire,false,Q12827,false,FALLBACK,false,,false,FALLBACK
kimek-kipchak-khaganate,Kimek Kipchak Khaganate,false,,false,FALLBACK,false,,false,FALLBACK
kingdom-of-antigonus,Kingdom Of Antigonus,false,,false,FALLBACK,false,,false,FALLBACK
kingdom-of-brazil,Kingdom Of Brazil,false,,false,FALLBACK,false,,false,FALLBACK
kingdom-of-david-and-solomon,Kingdom Of David And Solomon,false,,false,FALLBACK,false,,false,FALLBACK
kingdom-of-france,Kingdom Of France,false,Q70972,false,FALLBACK,false,,false,FALLBACK
kingdom-of-gala,Kingdom Of Gala,false,,false,FALLBACK,false,,false,FALLBACK
kingdom-of-georgia,Kingdom Of Georgia,false,,false,FALLBACK,false,,false,FALLBACK
kingdom-of-hawaii,Kingdom Of Hawaii,false,,false,FALLBACK,false,,false,FALLBACK
kingdom-of-hungary,Kingdom Of Hungary,false,,false,FALLBACK,false,,false,FALLBACK
kingdom-of-ireland,Kingdom Of Ireland,false,,false,FALLBACK,false,,false,FALLBACK
kingdom-of-kapisa,Kingdom Of Kapisa,false,,false,FALLBACK,false,,false,FALLBACK
kingdom-of-kashmir,Kingdom Of Kashmir,false,,false,FALLBACK,false,,false,FALLBACK
kingdom-of-kassander,Kingdom Of Kassander,false,,false,FALLBACK,false,,false,FALLBACK
kingdom-of-lysimachus,Kingdom Of Lysimachus,false,,false,FALLBACK,false,,false,FALLBACK
kingdom-of-norway,Kingdom Of Norway,false,,false,FALLBACK,false,,false,FALLBACK
kingdom-of-pagan,Kingdom Of Pagan,false,,false,FALLBACK,false,,false,FALLBACK
kingdom-of-sardinia,Kingdom Of Sardinia,false,,false,FALLBACK,false,,false,FALLBACK
kingdom-of-sind,Kingdom Of Sind,false,,false,FALLBACK,false,,false,FALLBACK
kingdom-of-sukhotai,Kingdom Of Sukhotai,false,,false,FALLBACK,false,,false,FALLBACK
kingdom-of-syphax,Kingdom Of Syphax,false,,false,FALLBACK,false,,false,FALLBACK
kingdom-of-the-two-sicilies,Kingdom Of The Two Sicilies,false,,false,FALLBACK,false,,false,FALLBACK
kingdom-of-zunbil,Kingdom Of Zunbil,false,,false,FALLBACK,false,,false,FALLBACK
kong-empire,Kong Empire,false,,false,FALLBACK,false,,false,FALLBACK
korea-democratic-peoples-republic-of,"Korea, Democratic People's Republic Of",false,,false,FALLBACK,false,,false,FALLBACK
korea-republic-of,"Korea, Republic Of",false,,false,FALLBACK,false,,false,FALLBACK
kushan-empire,Kushan Empire,false,,false,FALLBACK,false,,false,FALLBACK
laotian-states,Laotian States,false,,false,FALLBACK,false,,false,FALLBACK
lopburi-kingdom,Lopburi Kingdom,false,,false,FALLBACK,false,,false,FALLBACK
mahratta-states,Mahratta States,false,,false,FALLBACK,false,,false,FALLBACK
maitraka-kingdom,Maitraka Kingdom,false,,false,FALLBACK,false,,false,FALLBACK
malaysian-islamic-states,Malaysian Islamic States,false,,false,FALLBACK,false,,false,FALLBACK
mamluke-sultanate,Mamluke Sultanate,false,,false,FALLBACK,false,,false,FALLBACK
manchu-empire,Manchu Empire,false,Q8733,false,FALLBACK,false,,false,FALLBACK
mauryan-empire,Mauryan Empire,false,,false,FALLBACK,false,,false,FALLBACK
maya-chiefdoms-and-states,Maya Chiefdoms And States,false,,false,FALLBACK,false,,false,FALLBACK
maya-city-states,Maya City States,false,,false,FALLBACK,false,,false,FALLBACK
maya-states,Maya States,false,,false,FALLBACK,false,,false,FALLBACK
mesoamerican-city-states-and-chiefdoms,Mesoamerican City States And Chiefdoms,false,,false,FALLBACK,false,,false,FALLBACK
middag-kingdom,Middag Kingdom,false,,false,FALLBACK,false,,false,FALLBACK
ming-chinese-empire,Ming Chinese Empire,false,,false,FALLBACK,false,,false,FALLBACK
ming-empire,Ming Empire,false,,false,FALLBACK,false,,false,FALLBACK
minor-hindu-and-buddhist-kingdoms,Minor Hindu And Buddhist Kingdoms,false,,false,FALLBACK,false,,false,FALLBACK
minor-hindu-and-buddhist-states,Minor Hindu And Buddhist States,false,,false,FALLBACK,false,,false,FALLBACK
minor-hindu-buddhist-states,Minor Hindu & Buddhist States,false,,false,FALLBACK,false,,false,FALLBACK
minor-hindu-kingdoms,Minor Hindu Kingdoms,false,,false,FALLBACK,false,,false,FALLBACK
minor-states,Minor States,false,,false,FALLBACK,false,,false,FALLBACK
minor-states-under-indian-influence,Minor States Under Indian Influence,false,,false,FALLBACK,false,,false,FALLBACK
mixtec-empire,Mixtec Empire,false,,false,FALLBACK,false,,false,FALLBACK
mon-state,Mon State,false,,false,FALLBACK,false,,false,FALLBACK
mon-states,Mon States,false,,false,FALLBACK,false,,false,FALLBACK
mongol-empire,Mongol Empire,false,Q12544,false,FALLBACK,false,,false,FALLBACK
mossi-states,Mossi States,false,,false,FALLBACK,false,,false,FALLBACK
mughal-empire,Mughal Empire,false,Q33296,false,FALLBACK,false,,false,FALLBACK
mysore-indian-princely-state,Mysore (Indian Princely State),false,,false,FALLBACK,false,,false,FALLBACK
nabatean-kingdom,Nabatean Kingdom,false,,false,FALLBACK,false,,false,FALLBACK
nogai-horde,Nogai Horde,false,,false,FALLBACK,false,,false,FALLBACK
odrysian-kingdom,Odrysian Kingdom,false,,false,FALLBACK,false,,false,FALLBACK
oirat-confederation,Oirat Confederation,false,,false,FALLBACK,false,,false,FALLBACK
orange-free-state,Orange Free State,false,,false,FALLBACK,false,,false,FALLBACK
ottoman-empire,Ottoman Empire,false,Q12560,false,FALLBACK,false,,false,FALLBACK
ottoman-sultanate,Ottoman Sultanate,false,,false,FALLBACK,false,,false,FALLBACK
pallava-state,Pallava State,false,,false,FALLBACK,false,,false,FALLBACK
pandya-state,Pandya State,false,,false,FALLBACK,false,,false,FALLBACK
papal-states,Papal States,false,Q170174,false,FALLBACK,false,,false,FALLBACK
parthian-empire,Parthian Empire,false,,false,FALLBACK,false,,false,FALLBACK
polishlithuanian-commonwealth,Polish–Lithuanian Commonwealth,false,Q172107,false,FALLBACK,false,,false,FALLBACK
principality-of-galicia-volhynia,Principality Of Galicia Volhynia,false,,false,FALLBACK,false,,false,FALLBACK
principality-of-kyiv,Principality Of Kyiv,false,,false,FALLBACK,false,,false,FALLBACK
principality-of-novgorod,Principality Of Novgorod,false,,false,FALLBACK,false,,false,FALLBACK
principality-of-polotsk,Principality Of Polotsk,false,,false,FALLBACK,false,,false,FALLBACK
principality-of-vladimir-suzdal,Principality Of Vladimir Suzdal,false,,false,FALLBACK,false,,false,FALLBACK
principality-of-wallachia,Principality Of Wallachia,false,,false,FALLBACK,false,,false,FALLBACK
ptolemaic-kingdom,Ptolemaic Kingdom,false,Q11776,false,FALLBACK,false,,false,FALLBACK
pyu-state,Pyu State,false,,false,FALLBACK,false,,false,FALLBACK
qing-empire,Qing Empire,false,,false,FALLBACK,false,,false,FALLBACK
quazaq-khanate,Quazaq Khanate,false,,false,FALLBACK,false,,false,FALLBACK
rajput-clans-and-small-states,Rajput Clans And Small States,false,,false,FALLBACK,false,,false,FALLBACK
rajput-kingdoms,Rajput Kingdoms,false,,false,FALLBACK,false,,false,FALLBACK
rashtrakuta-state,Rashtrakuta State,false,,false,FALLBACK,false,,false,FALLBACK
rattanakosin-kingdom,Rattanakosin Kingdom,false,,false,FALLBACK,false,,false,FALLBACK
republic-of-krakw,Republic Of Kraków,false,,false,FALLBACK,false,,false,FALLBACK
republic-of-the-seven-zenden,Republic Of The Seven Zenden,false,,false,FALLBACK,false,,false,FALLBACK
rift-valley-states,Rift Valley States,false,,false,FALLBACK,false,,false,FALLBACK
roman-empire,Roman Empire,false,Q2277,false,FALLBACK,false,,false,FALLBACK
roman-republic,Roman Republic,false,Q6134,false,FALLBACK,false,,false,FALLBACK
rus-khaganate,Rus' Khaganate,false,,false,FALLBACK,false,,false,FALLBACK
russian-empire,Russian Empire,false,Q34266,false,FALLBACK,false,,false,FALLBACK
saar-protectorate,Saar Protectorate,false,,false,FALLBACK,false,,false,FALLBACK
safavid-empire,Safavid Empire,false,Q18234383,false,FALLBACK,false,,false,FALLBACK
saka-kingdom,Saka Kingdom,false,,false,FALLBACK,false,,false,FALLBACK
samanid-empire,Samanid Empire,false,,false,FALLBACK,false,,false,FALLBACK
sasanian-empire,Sasanian Empire,false,Q12557,false,FALLBACK,false,,false,FALLBACK
second-samori-empire,Second Samori Empire,false,,false,FALLBACK,false,,false,FALLBACK
seleucid-kingdom,Seleucid Kingdom,false,,false,FALLBACK,false,,false,FALLBACK
seljuk-caliphate,Seljuk Caliphate,false,,false,FALLBACK,false,,false,FALLBACK
seljuk-empire,Seljuk Empire,false,,false,FALLBACK,false,,false,FALLBACK
shan-states,Shan States,false,Q4765854,false,FALLBACK,false,,false,FALLBACK
sikkim-indian-princely-state,Sikkim (Indian Princely State),false,,false,FALLBACK,false,,false,FALLBACK
sinhalese-kingdom,Sinhalese Kingdom,false,,false,FALLBACK,false,,false,FALLBACK
sinhalese-kingdoms,Sinhalese Kingdoms,false,,false,FALLBACK,false,,false,FALLBACK
sixteen-kingdoms,Sixteen Kingdoms,false,,false,FALLBACK,false,,false,FALLBACK
sokoto-caliphate,Sokoto Caliphate,false,,false,FALLBACK,false,,false,FALLBACK
song-empire,Song Empire,false,,false,FALLBACK,false,,false,FALLBACK
srivijaya-empire,Srivijaya Empire,false,,false,FALLBACK,false,,false,FALLBACK
state-societies-and-aramaean-kingdoms,State Societies And Aramaean Kingdoms,false,,false,FALLBACK,false,,false,FALLBACK
sui-empire,Sui Empire,false,,false,FALLBACK,false,,false,FALLBACK
sultanate-of-damagaram,Sultanate Of Damagaram,false,,false,FALLBACK,false,,false,FALLBACK
sultanate-of-delhi,Sultanate Of Delhi,false,,false,FALLBACK,false,,false,FALLBACK
sultanate-of-utetera,Sultanate Of Utetera,false,,false,FALLBACK,false,,false,FALLBACK
suren-kingdom,Suren Kingdom,false,,false,FALLBACK,false,,false,FALLBACK
swiss-confederation,Swiss Confederation,false,,false,FALLBACK,false,,false,FALLBACK
tang-empire,Tang Empire,false,,false,FALLBACK,false,,false,FALLBACK
tanzania-united-republic-of,"Tanzania, United Republic Of",false,,false,FALLBACK,false,,false,FALLBACK
thai-kingdoms,Thai Kingdoms,false,,false,FALLBACK,false,,false,FALLBACK
tiahuanaco-empire,Tiahuanaco Empire,false,,false,FALLBACK,false,,false,FALLBACK
tibetan-empire,Tibetan Empire,false,Q152526,false,FALLBACK,false,,false,FALLBACK
timurid-empire,Timurid Empire,false,Q165092,false,FALLBACK,false,,false,FALLBACK
tokugawa-shogunate,Tokugawa Shogunate,false,,false,FALLBACK,false,,false,FALLBACK
toltec-empire,Toltec Empire,false,,false,FALLBACK,false,,false,FALLBACK
tsardom-of-muscovy,Tsardom Of Muscovy,false,,false,FALLBACK,false,,false,FALLBACK
tufan-empire,Tufan Empire,false,,false,FALLBACK,false,,false,FALLBACK
tui-tonga-empire,Tuʻi Tonga Empire,false,,false,FALLBACK,false,,false,FALLBACK
tukular-caliphate,Tukular Caliphate,false,,false,FALLBACK,false,,false,FALLBACK
umayyad-caliphate,Umayyad Caliphate,false,Q8806,false,FALLBACK,false,,false,FALLBACK
united-kingdom,United Kingdom,false,Q145,false,FALLBACK,false,,false,FALLBACK
united-kingdom-of-great-britain-and-ireland,United Kingdom Of Great Britain And Ireland,false,,false,FALLBACK,false,,false,FALLBACK
united-kingdom-of-netherlands,United Kingdom Of Netherlands,false,,false,FALLBACK,false,,false,FALLBACK
united-states,United States,false,Q30,false,FALLBACK,false,,false,FALLBACK
united-states-of-america,United States Of America,false,,false,FALLBACK,false,,false,FALLBACK
united-states-virgin-islands,United States Virgin Islands,false,,false,FALLBACK,false,,false,FALLBACK
visigothic-kingdom,Visigothic Kingdom,false,,false,FALLBACK,false,,false,FALLBACK
wadai-empire,Wadai Empire,false,,false,FALLBACK,false,,false,FALLBACK
wassoulou-empire,Wassoulou Empire,false,,false,FALLBACK,false,,false,FALLBACK
wattasid-caliphate,Wattasid Caliphate,false,,false,FALLBACK,false,,false,FALLBACK
western-gokturk-khaganate,Western Gokturk Khaganate,false,,false,FALLBACK,false,,false,FALLBACK
western-roman-empire,Western Roman Empire,false,Q186077,false,FALLBACK,false,,false,FALLBACK
white-horde,White Horde,false,,false,FALLBACK,false,,false,FALLBACK
zapotec-empire,Zapotec Empire,false,,false,FALLBACK,false,,false,FALLBACK
zayyanid-caliphate,Zayyanid Caliphate,false,,false,FALLBACK,false,,false,FALLBACK
zhangzhung-kingdom,Zhangzhung Kingdom,false,,false,FALLBACK,false,,false,FALLBACK
zhou-states,Zhou States,false,,false,FALLBACK,false,,false,FALLBACK
zhow-states,Zhow States,false,,false,FALLBACK,false,,false,FALLBACK